{"cameraMode":{"drawMode":0,"name":"Shaded","section":"Shading Mode"},"sceneLighting":true,"audioPlay":false,"sceneViewState":{"m_AlwaysRefresh":false,"showFog":true,"showSkybox":true,"showFlares":true,"showImageEffects":true,"showParticleSystems":true,"showVisualEffectGraphs":true,"m_FxEnabled":true},"in2DMode":false,"pivot":{"x":1.8071222305297852,"y":-3.7955446243286135,"z":8.981054306030274},"rotation":{"x":-0.37932634353637698,"y":-0.26527169346809389,"z":0.11447548121213913,"w":-0.8790057897567749},"size":5.598787307739258,"orthographic":false}